City_ID,City,Country,Date,Lat,Lng,Max Temp,Humidity,Cloudiness,Wind Speed
0,Kashi,CN,2021-04-10 00:38:20,39.4547,75.9797,280.15,65,0,2.0
1,Hobart,AU,2021-04-10 00:41:00,-42.8794,147.3294,287.15,47,40,7.2
2,Chokurdakh,RU,2021-04-10 00:41:23,70.6333,147.9167,251.31,90,92,5.31
3,Bredasdorp,ZA,2021-04-10 00:41:24,-34.5322,20.0403,290.15,94,100,2.27
4,La Ronge,CA,2021-04-10 00:41:26,55.1001,-105.2842,277.15,41,12,3.09
5,Barrow,US,2021-04-10 00:40:01,71.2906,-156.7887,250.15,70,1,5.14
6,Mataura,NZ,2021-04-10 00:41:31,-46.1927,168.8643,285.93,86,100,0.89
7,Victoria,HK,2021-04-10 00:39:29,22.2855,114.1577,294.82,65,52,0.89
8,Provideniya,RU,2021-04-10 00:41:33,64.3833,-173.3,256.67,84,100,7.04
9,Pevek,RU,2021-04-10 00:41:35,69.7008,170.3133,251.26,86,45,1.41
10,Rikitea,PF,2021-04-10 00:41:36,-23.1203,-134.9692,298.81,74,81,4.81
11,East London,ZA,2021-04-10 00:41:37,-33.0153,27.9116,291.55,88,33,1.63
12,Rio Gallegos,AR,2021-04-10 00:37:28,-51.6226,-69.2181,280.15,70,0,3.09
13,Kodiak,US,2021-04-10 00:41:40,57.79,-152.4072,275.15,25,1,6.69
14,Wisconsin Rapids,US,2021-04-10 00:41:41,44.3836,-89.8174,285.15,76,90,3.6
15,Beringovskiy,RU,2021-04-10 00:41:43,63.05,179.3167,259.56,93,100,8.98
16,Akonolinga,CM,2021-04-10 00:41:44,3.7667,12.25,295.52,75,100,0.09
17,Aloleng,PH,2021-04-10 00:41:46,16.1307,119.7824,301.74,62,42,3.27
18,Anan,JP,2021-04-10 00:41:47,33.9167,134.65,283.15,49,20,8.23
19,Mikhaylovka,RU,2021-04-10 00:39:17,50.06,43.2379,277.59,83,100,3.58
20,Ribeira Grande,PT,2021-04-10 00:41:50,38.5167,-28.7,288.69,87,100,7.99
21,Paamiut,GL,2021-04-10 00:41:51,61.994,-49.6678,274.13,89,100,2.78
22,Punta Arenas,CL,2021-04-10 00:38:43,-53.15,-70.9167,280.15,76,0,4.63
23,Butaritari,KI,2021-04-10 00:41:54,3.0707,172.7902,301.02,77,100,6.9
24,Coquimbo,CL,2021-04-10 00:41:55,-29.9533,-71.3436,288.15,82,0,4.12
25,Port Lincoln,AU,2021-04-10 00:41:56,-34.7333,135.8667,290.47,64,98,9.38
26,Dikson,RU,2021-04-10 00:41:58,73.5069,80.5464,269.87,92,100,13.63
27,Kirkkonummi,FI,2021-04-10 00:42:00,60.1238,24.4385,277.04,81,100,1.34
28,Lahij,YE,2021-04-10 00:42:02,13.1667,44.5833,295.04,40,0,1.73
29,Port Elizabeth,ZA,2021-04-10 00:42:03,-33.918,25.5701,287.15,94,0,1.54
30,Inhambane,MZ,2021-04-10 00:42:05,-23.865,35.3833,295.41,81,0,2.48
31,Ushuaia,AR,2021-04-10 00:40:52,-54.8,-68.3,280.15,61,40,4.63
32,Kousseri,CM,2021-04-10 00:42:07,12.0769,15.0306,302.15,18,96,2.06
33,Camabatela,AO,2021-04-10 00:42:10,-8.1881,15.375,290.03,93,100,1.4
34,Tasiilaq,GL,2021-04-10 00:42:11,65.6145,-37.6368,268.15,80,20,2.57
35,Saint-Francois,FR,2021-04-10 00:42:13,46.4154,3.9054,281.48,87,90,4.12
36,Mahebourg,MU,2021-04-10 00:42:14,-20.4081,57.7,297.15,94,75,5.14
37,Bluff,NZ,2021-04-10 00:42:16,-46.6,168.3333,285.93,86,100,0.89
38,Sarlat-La-Caneda,FR,2021-04-10 00:42:17,44.889,1.2166,283.71,75,100,0.45
39,Shimoda,JP,2021-04-10 00:42:19,34.6667,138.95,282.15,61,75,8.75
40,Tianpeng,CN,2021-04-10 00:42:20,30.9866,103.9393,288.15,1,100,1.09
41,Jamestown,US,2021-04-10 00:40:54,42.097,-79.2353,289.26,72,1,5.14
42,Hambantota,LK,2021-04-10 00:42:22,6.1241,81.1185,297.15,100,20,1.03
43,Pangnirtung,CA,2021-04-10 00:42:24,66.1451,-65.7125,258.6,95,95,2.59
44,Castro,BR,2021-04-10 00:42:25,-24.7911,-50.0119,290.29,72,30,1.19
45,Iqaluit,CA,2021-04-10 00:38:10,63.7506,-68.5145,259.15,72,75,6.17
46,Saint-Joseph,RE,2021-04-10 00:42:28,-21.3667,55.6167,298.15,69,100,1.54
47,Qui Nhon,VN,2021-04-10 00:42:29,13.7667,109.2333,298.97,81,60,3.21
48,Nanfeng,CN,2021-04-10 00:42:31,23.7434,111.7959,292.64,79,100,1.2
49,Kahului,US,2021-04-10 00:42:32,20.8947,-156.47,300.15,50,20,10.8
50,Srednekolymsk,RU,2021-04-10 00:42:34,67.45,153.6833,257.94,84,100,4.19
51,Wadi Maliz,TN,2021-04-10 00:42:35,36.4681,8.5495,291.15,48,20,4.63
52,Rock Sound,BS,2021-04-10 00:42:37,24.9,-76.2,296.83,62,11,6.24
53,Nueva Helvecia,UY,2021-04-10 00:42:38,-34.3,-57.2333,292.59,95,100,1.98
54,Shaghat,AM,2021-04-10 00:42:40,39.5625,45.9143,288.15,55,75,3.09
55,Port Hedland,AU,2021-04-10 00:38:02,-20.3167,118.5667,303.15,79,40,4.63
56,Gimli,CA,2021-04-10 00:42:42,50.6336,-96.9907,281.15,57,100,4.63
57,Norman Wells,CA,2021-04-10 00:42:45,65.282,-126.8329,254.15,65,75,9.26
58,Ponta Delgada,PT,2021-04-10 00:42:46,37.7333,-25.6667,288.15,88,40,2.57
59,Ust-Maya,RU,2021-04-10 00:42:47,60.4167,134.5333,273.4,93,100,2.3
60,Hohhot,CN,2021-04-10 00:42:49,40.8106,111.6522,282.15,71,20,1.0
61,College,US,2021-04-10 00:42:50,64.8569,-147.8028,257.59,46,75,2.57
62,Torbay,CA,2021-04-10 00:42:52,47.6666,-52.7314,275.93,100,90,6.17
63,Kapaa,US,2021-04-10 00:42:53,22.0752,-159.319,299.15,53,20,7.2
64,Vanimo,PG,2021-04-10 00:42:55,-2.6741,141.3028,301.83,74,100,4.71
65,Iquique,CL,2021-04-10 00:41:36,-20.2208,-70.1431,291.15,82,90,3.09
66,Kindu,CD,2021-04-10 00:42:57,-2.95,25.95,293.67,98,99,1.11
67,Rawson,AR,2021-04-10 00:42:59,-43.3002,-65.1023,286.46,69,82,1.91
68,Saint-Pierre,RE,2021-04-10 00:43:00,-21.3393,55.4781,298.15,69,100,1.54
69,Saint-Philippe,RE,2021-04-10 00:43:02,-21.3585,55.7679,298.15,69,100,1.54
70,Timra,SE,2021-04-10 00:43:03,62.487,17.3257,272.15,69,7,2.06
71,Mandera,KE,2021-04-10 00:43:04,3.9366,41.867,300.26,66,84,4.78
72,Yellowknife,CA,2021-04-10 00:43:06,62.456,-114.3525,264.15,57,75,7.2
73,Podyuga,RU,2021-04-10 00:43:08,61.095,40.8647,273.47,80,83,5.66
74,Banda Aceh,ID,2021-04-10 00:43:09,5.5577,95.3222,300.2,79,49,2.21
75,Ugoofaaru,MV,2021-04-10 00:43:11,5.6667,73.0,300.86,73,4,1.37
76,Hay River,CA,2021-04-10 00:43:12,60.8156,-115.7999,264.15,79,100,8.23
77,Vaini,TO,2021-04-10 00:43:13,-21.2,-175.2,301.15,69,40,3.6
78,Ponta Do Sol,PT,2021-04-10 00:43:15,32.6667,-17.1,289.26,75,43,1.79
79,Busselton,AU,2021-04-10 00:43:16,-33.65,115.3333,289.26,78,0,4.47
80,Port Alfred,ZA,2021-04-10 00:43:17,-33.5906,26.891,290.09,84,86,1.1
81,Hermanus,ZA,2021-04-10 00:43:19,-34.4187,19.2345,291.48,86,100,1.34
82,Georgetown,MY,2021-04-10 00:43:21,5.4112,100.3354,300.93,83,20,1.03
83,Tuktoyaktuk,CA,2021-04-10 00:43:23,69.4541,-133.0374,247.15,70,75,5.66
84,Bambous Virieux,MU,2021-04-10 00:43:24,-20.3428,57.7575,298.71,94,75,5.14
85,Along,IN,2021-04-10 00:43:26,28.1667,94.7667,291.46,96,100,0.97
86,Teguldet,RU,2021-04-10 00:43:27,57.3064,88.1667,272.86,90,24,2.26
87,Halifax,CA,2021-04-10 00:39:20,44.6453,-63.5724,285.15,54,23,2.06
88,Mar Del Plata,AR,2021-04-10 00:43:31,-38.0023,-57.5575,291.48,82,40,4.12
89,Teknaf,BD,2021-04-10 00:43:32,20.8624,92.3058,298.01,84,11,1.17
90,Nikolskoye,RU,2021-04-10 00:43:36,59.7035,30.7861,277.59,75,40,8.0
91,Petnehaza,HU,2021-04-10 00:43:37,48.0608,22.0749,277.0,59,100,3.25
92,North Myrtle Beach,US,2021-04-10 00:43:39,33.816,-78.68,293.71,82,1,4.63
93,Nago,JP,2021-04-10 00:43:40,26.5881,127.9761,296.15,60,1,7.72
94,Avarua,CK,2021-04-10 00:43:42,-21.2078,-159.775,302.15,74,87,1.54
95,Puerto Ayora,EC,2021-04-10 00:43:43,-0.7393,-90.3518,297.59,96,96,1.34
96,Rio Grande,BR,2021-04-10 00:43:45,-32.035,-52.0986,296.48,90,100,4.25
97,Gambo,CF,2021-04-10 00:43:46,4.6482,22.2633,293.55,94,83,0.9
98,Esil,KZ,2021-04-10 00:43:47,51.9556,66.4042,273.66,91,90,3.95
99,Henties Bay,NA,2021-04-10 00:43:49,-22.116,14.2845,297.0,52,0,2.0
100,Port-Gentil,GA,2021-04-10 00:43:50,-0.7193,8.7815,299.81,81,100,2.33
101,Kargil,IN,2021-04-10 00:43:52,34.5667,76.1,265.78,56,20,1.85
102,Altay,CN,2021-04-10 00:43:55,47.8667,88.1167,274.64,45,0,2.83
103,Cabras,IT,2021-04-10 00:43:56,39.93,8.5314,283.67,80,98,6.75
104,Taoudenni,ML,2021-04-10 00:43:57,22.6783,-3.9836,301.83,14,0,4.71
105,Bellavista,PE,2021-04-10 00:43:59,-7.0561,-76.5911,303.15,66,40,2.57
106,Kieta,PG,2021-04-10 00:44:00,-6.2167,155.6333,302.73,68,55,2.3
107,New Norfolk,AU,2021-04-10 00:44:02,-42.7826,147.0587,285.37,68,30,2.68
108,Cape Town,ZA,2021-04-10 00:43:49,-33.9258,18.4232,290.93,94,0,3.09
109,Erenhot,CN,2021-04-10 00:44:04,43.6475,111.9767,285.3,37,100,7.57
110,Ibra,OM,2021-04-10 00:44:06,22.6906,58.5334,293.77,62,0,0.87
111,Hithadhoo,MV,2021-04-10 00:44:07,-0.6,73.0833,301.27,68,0,4.05
112,Guerrero Negro,MX,2021-04-10 00:44:08,27.9769,-114.0611,290.06,75,14,10.38
113,Grande Prairie,CA,2021-04-10 00:44:10,55.1667,-118.8027,281.15,31,75,3.6
114,Upernavik,GL,2021-04-10 00:44:12,72.7868,-56.1549,261.22,96,100,6.2
115,Nishihara,JP,2021-04-10 00:44:13,26.1842,127.7558,297.15,57,20,7.2
116,Cayenne,GF,2021-04-10 00:44:16,4.9333,-52.3333,299.82,100,0,0.51
117,Alcudia,ES,2021-04-10 00:44:17,39.8532,3.1214,285.37,87,100,0.45
118,Talnakh,RU,2021-04-10 00:44:19,69.4865,88.3972,268.21,93,100,5.84
119,Mount Isa,AU,2021-04-10 00:44:20,-20.7333,139.5,306.15,19,6,3.6
120,Ilulissat,GL,2021-04-10 00:44:21,69.2167,-51.1,270.15,93,75,5.14
121,Fairbanks,US,2021-04-10 00:40:02,64.8378,-147.7164,257.59,46,75,2.57
122,Atuona,PF,2021-04-10 00:44:24,-9.8,-139.0333,300.09,77,17,6.03
123,Matara,LK,2021-04-10 00:41:07,5.9485,80.5353,297.45,88,17,1.27
124,Albany,US,2021-04-10 00:40:22,42.6001,-73.9662,292.15,45,75,6.69
125,Esperance,AU,2021-04-10 00:40:39,-33.8667,121.9,290.15,63,90,3.6
126,Slobidka,UA,2021-04-10 00:44:29,47.8869,29.3461,275.17,59,0,1.4
127,Ballina,AU,2021-04-10 00:44:30,-28.8667,153.5667,301.15,47,4,5.66
128,Alofi,NU,2021-04-10 00:44:31,-19.0595,-169.9187,300.15,69,98,2.57
129,Sur,OM,2021-04-10 00:40:45,22.5667,59.5289,299.76,43,0,4.98
130,Corner Brook,CA,2021-04-10 00:42:07,48.9667,-57.9484,280.15,81,90,6.69
131,Alugan,PH,2021-04-10 00:44:35,12.2188,125.4808,301.4,64,92,4.39
132,Bilibino,RU,2021-04-10 00:44:37,68.0546,166.4372,257.77,62,7,1.49
133,Golkoy,TR,2021-04-10 00:44:38,40.6875,37.6178,279.15,87,75,6.17
134,Kiama,AU,2021-04-10 00:44:40,-34.6833,150.8667,293.71,52,17,3.13
135,Haines Junction,CA,2021-04-10 00:44:15,60.7522,-137.5108,260.15,33,100,8.75
136,Vila Franca Do Campo,PT,2021-04-10 00:44:42,37.7167,-25.4333,288.15,88,40,2.57
137,Marawi,PH,2021-04-10 00:44:44,7.9986,124.2928,301.48,75,87,0.89
138,Arraial Do Cabo,BR,2021-04-10 00:44:45,-22.9661,-42.0278,297.35,74,0,7.03
139,Terrace,CA,2021-04-10 00:40:02,54.5163,-128.6035,274.15,93,90,10.29
140,Kawalu,ID,2021-04-10 00:44:48,-7.3817,108.2082,299.34,77,90,0.71
141,Itaituba,BR,2021-04-10 00:44:49,-4.2761,-55.9836,297.76,88,100,0.96
142,Aklavik,CA,2021-04-10 00:44:50,68.2191,-135.0107,248.15,58,100,4.12
143,Muroto,JP,2021-04-10 00:44:53,33.2833,134.15,287.15,21,0,6.17
144,Rabo De Peixe,PT,2021-04-10 00:44:54,37.8,-25.5833,288.15,88,40,2.57
145,Cockburn Town,TC,2021-04-10 00:43:39,21.4612,-71.1419,297.33,62,9,8.16
146,Tecpan,GT,2021-04-10 00:44:57,14.7623,-90.9947,294.15,73,40,6.17
147,Gambiran,ID,2021-04-10 00:44:58,-6.7988,111.4951,299.91,83,67,1.64
148,Jalu,LY,2021-04-10 00:45:00,29.0331,21.5482,285.78,52,0,7.02
149,Itarema,BR,2021-04-10 00:45:01,-2.9248,-39.9167,299.56,83,35,5.31
150,Atar,MR,2021-04-10 00:45:06,20.5169,-13.0499,299.44,19,0,4.95
151,Tibati,CM,2021-04-10 00:41:01,6.4667,12.6333,294.07,74,100,1.49
152,Salta,AR,2021-04-10 00:43:32,-24.7859,-65.4117,295.15,83,40,1.03
153,Bethel,US,2021-04-10 00:45:12,41.3712,-73.414,286.15,67,75,3.09
154,Qaanaaq,GL,2021-04-10 00:45:14,77.484,-69.3632,261.6,59,100,3.64
155,Lompoc,US,2021-04-10 00:40:52,34.6391,-120.4579,287.15,67,0,9.77
156,Pendra,IN,2021-04-10 00:45:17,22.7667,81.95,296.44,33,2,1.55
157,Ambilobe,MG,2021-04-10 00:45:19,-13.2,49.05,295.42,95,86,1.28
158,Lensk,RU,2021-04-10 00:45:21,60.7253,114.9278,261.9,82,100,4.21
159,Gizo,SB,2021-04-10 00:45:22,-8.103,156.8419,301.9,73,88,3.68
160,Kutum,SD,2021-04-10 00:45:24,14.2,24.6667,293.32,10,10,3.99
161,Hualmay,PE,2021-04-10 00:45:25,-11.0964,-77.6139,293.9,87,100,3.46
162,Dembi Dolo,ET,2021-04-10 00:45:27,8.5333,34.8,290.55,46,10,1.43
163,Medowie,AU,2021-04-10 00:45:29,-32.7333,151.8667,296.48,64,57,7.2
164,Narsaq,GL,2021-04-10 00:45:31,60.9167,-46.05,276.15,75,75,1.54
165,Rexburg,US,2021-04-10 00:44:16,43.826,-111.7897,282.59,21,1,4.12
166,Calvinia,ZA,2021-04-10 00:45:33,-31.4707,19.776,292.41,29,17,1.32
167,Klaksvik,FO,2021-04-10 00:45:34,62.2266,-6.589,271.15,86,90,9.26
168,Ostrovnoy,RU,2021-04-10 00:45:37,68.0531,39.5131,272.95,86,100,12.86
169,Hegra,NO,2021-04-10 00:45:40,63.4644,11.114,274.82,93,90,2.06
170,Dunedin,NZ,2021-04-10 00:45:41,-45.8742,170.5036,285.93,88,100,0.45
171,Goderich,CA,2021-04-10 00:45:42,43.7501,-81.7165,285.63,69,72,9.78
172,Geraldton,AU,2021-04-10 00:45:44,-28.7667,114.6,299.15,50,90,9.77
173,Alice Springs,AU,2021-04-10 00:45:45,-23.7,133.8833,299.26,38,85,6.17
174,Ternovskaya,RU,2021-04-10 00:45:47,45.8542,40.4086,275.93,95,100,3.14
175,Hilo,US,2021-04-10 00:44:33,19.7297,-155.09,299.15,53,75,5.14
176,Chuy,UY,2021-04-10 00:45:49,-33.6971,-53.4616,292.73,94,100,1.71
177,Bulz,RO,2021-04-10 00:45:50,46.9167,22.6833,276.15,56,43,3.09
178,Belyy Yar,RU,2021-04-10 00:45:52,53.6039,91.3903,274.15,75,0,4.0
179,Ratnagiri,IN,2021-04-10 00:45:53,16.9833,73.3,299.09,71,81,4.98
180,Carnarvon,AU,2021-04-10 00:45:55,-24.8667,113.6333,301.15,65,90,4.12
181,Goure,NE,2021-04-10 00:45:56,13.9835,10.2704,299.1,5,89,3.94
182,Prince Albert,CA,2021-04-10 00:45:58,53.2001,-105.7677,281.15,31,75,3.09
183,Lorengau,PG,2021-04-10 00:45:59,-2.0226,147.2712,300.01,84,100,5.39
184,Sao Jose Da Coroa Grande,BR,2021-04-10 00:46:01,-8.8978,-35.1478,298.63,83,67,4.26
185,Souillac,MU,2021-04-10 00:46:02,-20.5167,57.5167,297.15,94,75,5.14
186,Kampene,CD,2021-04-10 00:46:04,-3.6,26.6667,292.71,99,80,0.59
187,Yavatmal,IN,2021-04-10 00:46:05,20.4,78.1333,300.6,41,34,2.76
188,Trincomalee,LK,2021-04-10 00:46:06,8.5711,81.2335,299.86,77,39,2.74
189,Do Gonbadan,IR,2021-04-10 00:46:08,30.3586,50.7981,294.15,26,0,1.34
190,Andenes,NO,2021-04-10 00:46:09,69.3143,16.1194,271.15,64,76,3.09
191,Vilhena,BR,2021-04-10 00:46:11,-12.7406,-60.1458,294.13,98,100,2.8
192,Murray Bridge,AU,2021-04-10 00:46:13,-35.1167,139.2667,289.26,74,94,1.79
193,Basco,PH,2021-04-10 00:46:14,20.4487,121.9702,297.32,73,6,7.71
194,Kirkenaer,NO,2021-04-10 00:46:16,60.4564,12.0582,271.15,59,0,2.57
195,Fortuna,US,2021-04-10 00:46:17,40.5982,-124.1573,283.15,81,90,5.66
196,Taltal,CL,2021-04-10 00:46:19,-25.4,-70.4833,291.8,80,90,1.52
197,Pisco,PE,2021-04-10 00:46:20,-13.7,-76.2167,293.71,77,0,7.72
198,Kruisfontein,ZA,2021-04-10 00:46:22,-34.0033,24.7314,285.93,95,40,1.33
199,Dong Hoi,VN,2021-04-10 00:46:23,17.4833,106.6,298.58,82,30,1.43
200,Katsuura,JP,2021-04-10 00:46:24,35.1333,140.3,282.04,57,100,1.34
201,Nome,US,2021-04-10 00:46:26,64.5011,-165.4064,255.37,65,1,5.14
202,Wilmington,US,2021-04-10 00:45:11,34.2257,-77.9447,295.15,68,1,4.63
203,Tubuala,PA,2021-04-10 00:46:28,9.5167,-79.0333,297.15,100,75,1.78
204,Xining,CN,2021-04-10 00:46:30,36.6167,101.7667,277.82,95,100,1.04
205,Staryy Nadym,RU,2021-04-10 00:46:31,65.6118,72.6842,274.69,99,100,7.65
206,Fort Nelson,CA,2021-04-10 00:46:34,58.8053,-122.7002,273.15,55,40,6.17
207,Senanga,ZM,2021-04-10 00:46:35,-16.1167,23.2667,289.29,60,0,2.46
208,Malibu,US,2021-04-10 00:46:37,34.005,-118.8101,295.93,38,5,3.03
209,Tomatlan,MX,2021-04-10 00:46:38,19.9333,-105.25,297.2,63,0,1.82
210,Longyearbyen,SJ,2021-04-10 00:45:25,78.2186,15.6401,273.15,69,75,7.72
211,Las Vegas,US,2021-04-10 00:44:01,36.175,-115.1372,301.15,6,1,2.06
212,Kaitangata,NZ,2021-04-10 00:46:42,-46.2817,169.8464,289.26,92,100,3.13
213,Panama City,PA,2021-04-10 00:42:32,8.9936,-79.5197,297.59,100,75,0.81
214,Caravelas,BR,2021-04-10 00:46:44,-17.7125,-39.2481,296.03,86,29,3.61
215,Kirakira,SB,2021-04-10 00:46:46,-10.4544,161.9205,301.79,74,99,4.0
216,Goundam,ML,2021-04-10 00:46:47,16.4145,-3.6708,301.83,11,0,3.85
217,Tiksi,RU,2021-04-10 00:46:49,71.6872,128.8694,250.22,99,100,2.77
218,Bandarbeyla,SO,2021-04-10 00:46:50,9.4942,50.8122,297.79,72,0,2.29
219,Zaigrayevo,RU,2021-04-10 00:46:52,51.8336,108.2703,277.15,52,20,5.0
220,Shingu,JP,2021-04-10 00:46:56,33.7333,135.9833,284.15,32,0,2.57
221,Emerald,AU,2021-04-10 00:46:57,-23.5333,148.1667,303.71,37,0,2.06
222,Chipinge,ZW,2021-04-10 00:47:00,-20.1883,32.6236,286.45,86,0,1.4
223,Kerema,PG,2021-04-10 00:47:01,-7.9631,145.7785,300.03,81,93,1.73
224,Port Said,EG,2021-04-10 00:47:02,31.2565,32.2841,288.15,55,20,8.75
225,Were Ilu,ET,2021-04-10 00:47:04,10.6,39.4333,284.87,32,36,1.24
226,Namibe,AO,2021-04-10 00:47:05,-15.1961,12.1522,299.21,80,92,2.73
227,Arvika,SE,2021-04-10 00:47:07,59.6553,12.5852,273.15,59,0,4.12
228,San Patricio,US,2021-04-10 00:47:08,28.017,-97.5169,302.15,70,1,6.17
229,Suffolk,US,2021-04-10 00:45:07,40.8668,-72.7996,282.15,81,90,3.09
230,Meulaboh,ID,2021-04-10 00:45:40,4.1363,96.1285,299.3,85,98,0.87
231,Khatanga,RU,2021-04-10 00:47:12,71.9667,102.5,256.68,77,24,2.79
232,Saint-Georges,GD,2021-04-10 00:46:17,12.0564,-61.7485,301.15,74,20,7.2
233,Adrar,MR,2021-04-10 00:47:14,20.5022,-10.0711,297.92,20,0,5.23
234,Merrill,US,2021-04-10 00:47:16,45.1805,-89.6835,284.15,76,90,3.09
235,Morros,BR,2021-04-10 00:47:17,-9.4467,-46.3003,297.93,61,83,1.36
236,Atambua,ID,2021-04-10 00:47:18,-9.1061,124.8925,299.34,65,62,0.69
237,Comodoro Rivadavia,AR,2021-04-10 00:44:39,-45.8667,-67.5,284.15,87,0,2.06
238,Molos,GR,2021-04-10 00:47:21,38.8167,22.65,280.37,58,0,0.45
239,Quesnel,CA,2021-04-10 00:47:22,52.9999,-122.5029,283.15,23,75,6.17
240,Mettur,IN,2021-04-10 00:47:24,11.8,77.8,296.85,79,0,1.36
241,Mago,RU,2021-04-10 00:47:27,53.2514,140.1822,275.18,66,19,1.27
242,Cabo San Lucas,MX,2021-04-10 00:47:28,22.8909,-109.9124,302.15,45,20,2.57
243,Manta,EC,2021-04-10 00:47:29,-0.95,-80.7333,301.15,78,40,3.09
244,Samarai,PG,2021-04-10 00:47:31,-10.6167,150.6667,299.72,83,100,6.25
245,Abapo,BO,2021-04-10 00:47:32,-18.8333,-63.4667,293.49,83,16,0.83
246,Severo-Kurilsk,RU,2021-04-10 00:47:34,50.6789,156.125,273.4,91,97,3.07
247,Vostok,RU,2021-04-10 00:47:35,46.4856,135.8833,277.45,49,27,2.58
248,Yichang,CN,2021-04-10 00:47:36,30.7144,111.2847,286.48,79,100,0.56
249,Bengkulu,ID,2021-04-10 00:47:38,-3.8004,102.2655,299.07,83,33,2.0
250,Laguna,US,2021-04-10 00:44:35,38.421,-121.4238,297.15,33,1,5.14
251,Tuatapere,NZ,2021-04-10 00:47:41,-46.1333,167.6833,285.93,86,100,0.89
252,Vila Velha,BR,2021-04-10 00:47:42,-20.3297,-40.2925,297.59,64,75,5.14
253,Floro,NO,2021-04-10 00:47:44,61.5996,5.0328,276.15,70,90,7.2
254,Pittsburg,US,2021-04-10 00:47:45,38.028,-121.8847,293.15,45,1,9.26
255,Bathsheba,BB,2021-04-10 00:47:47,13.2167,-59.5167,299.15,65,20,4.12
256,Vuktyl,RU,2021-04-10 00:47:48,63.8567,57.3094,272.38,93,16,3.36
257,Ardakan,IR,2021-04-10 00:47:50,32.31,54.0175,291.15,27,40,1.03
258,San Policarpo,PH,2021-04-10 00:47:51,12.1791,125.5072,301.38,65,90,4.61
259,Ancud,CL,2021-04-10 00:47:53,-41.8697,-73.8203,282.59,87,0,2.57
260,Salinopolis,BR,2021-04-10 00:47:54,-0.6136,-47.3561,299.06,86,90,4.35
261,Chingola,ZM,2021-04-10 00:47:56,-12.529,27.8838,286.21,90,91,1.84
262,Sessa Aurunca,IT,2021-04-10 00:47:57,41.2408,13.9328,280.37,100,0,1.61
263,Sembe,CG,2021-04-10 00:47:58,1.6481,14.5806,294.18,93,98,0.18
264,Ritchie,ZA,2021-04-10 00:48:00,-29.038,24.6028,287.15,77,3,2.06
265,Taikang,CN,2021-04-10 00:48:01,46.8333,124.4167,286.06,21,14,10.84
266,Gushikawa,JP,2021-04-10 00:44:16,26.3544,127.8686,296.15,60,1,7.72
267,Pacocha,PE,2021-04-10 00:48:04,-17.5833,-71.3333,292.68,80,100,0.46
268,San Luis,AR,2021-04-10 00:48:05,-33.295,-66.3356,287.56,89,100,5.26
269,Lubyany,RU,2021-04-10 00:48:07,56.0378,51.4,273.15,100,90,5.0
270,Jinxiang,CN,2021-04-10 00:48:08,27.4327,120.6062,287.32,57,42,5.27
271,Afsin,TR,2021-04-10 00:48:10,38.2477,36.914,278.7,67,96,2.6
272,Seguela,CI,2021-04-10 00:48:11,7.9611,-6.6731,299.03,71,91,3.55
273,Otofuke,JP,2021-04-10 00:48:12,42.9917,143.2003,280.15,36,40,4.63
274,Faanui,PF,2021-04-10 00:48:14,-16.4833,-151.75,301.09,69,91,3.0
275,Menongue,AO,2021-04-10 00:48:15,-14.6585,17.691,288.43,70,32,1.85
276,Mlonggo,ID,2021-04-10 00:48:17,-6.5333,110.7,301.15,78,20,1.03
277,Mahibadhoo,MV,2021-04-10 00:48:18,3.7833,72.9667,300.8,75,10,2.9
278,Xanxere,BR,2021-04-10 00:48:19,-26.8769,-52.4042,292.89,67,29,1.55
279,Flinders,AU,2021-04-10 00:48:22,-34.5833,150.8552,293.71,52,29,3.13
280,Lyndon,US,2021-04-10 00:48:23,38.2567,-85.6016,299.15,27,1,5.14
281,Namatanai,PG,2021-04-10 00:48:24,-3.6667,152.4333,302.47,68,80,4.53
282,Prainha,BR,2021-04-10 00:48:26,-1.8,-53.48,296.36,92,38,1.43
283,Nogliki,RU,2021-04-10 00:48:28,51.8333,143.1667,271.89,80,64,2.58
284,Nanortalik,GL,2021-04-10 00:48:29,60.1432,-45.2371,275.49,96,100,3.35
285,Borborema,BR,2021-04-10 00:48:31,-21.6197,-49.0736,292.16,55,0,3.41
286,Tugulym,RU,2021-04-10 00:48:32,57.0591,64.6425,274.15,86,0,3.0
287,Buraydah,SA,2021-04-10 00:48:33,26.326,43.975,300.15,39,40,5.66
288,Moerai,PF,2021-04-10 00:48:35,-22.4333,-151.3333,299.3,64,100,5.05
289,San Matias,BO,2021-04-10 00:48:36,-16.3667,-58.4,299.2,75,65,2.04
290,Yerbogachen,RU,2021-04-10 00:48:38,61.2767,108.0108,260.14,79,7,4.01
291,Asosa,ET,2021-04-10 00:48:39,10.0667,34.5333,295.06,13,10,1.11
292,Monte Alegre,BR,2021-04-10 00:48:41,-2.0078,-54.0692,297.5,83,98,1.42
293,Muravlenko,RU,2021-04-10 00:48:42,63.7898,74.523,274.45,99,100,7.42
294,Ahuimanu,US,2021-04-10 00:48:43,21.4447,-157.8378,300.15,60,40,5.14
295,Woodward,US,2021-04-10 00:48:45,36.4337,-99.3904,286.15,57,1,8.75
296,Jacareacanga,BR,2021-04-10 00:48:46,-6.2222,-57.7528,297.67,81,19,0.62
297,Port Augusta,AU,2021-04-10 00:48:47,-32.5,137.7667,290.15,72,90,8.75
298,Quang Ngai,VN,2021-04-10 00:48:49,15.1167,108.8,299.46,76,17,1.91
299,Snasa,NO,2021-04-10 00:48:50,64.2457,12.3778,272.08,96,100,3.02
300,Arroio Grande,BR,2021-04-10 00:48:52,-32.2375,-53.0869,293.64,86,87,1.88
301,Karratha,AU,2021-04-10 00:48:53,-20.7377,116.8463,302.96,68,13,7.19
302,Anacortes,US,2021-04-10 00:48:55,48.5126,-122.6127,282.15,61,1,4.63
303,Javornik,CZ,2021-04-10 00:48:56,50.3908,17.0027,279.26,73,100,3.32
304,Alindao,CF,2021-04-10 00:48:58,5.0267,21.2088,295.05,83,85,0.11
305,Margate,GB,2021-04-10 00:45:21,51.3813,1.3862,279.82,81,100,1.79
306,Saskylakh,RU,2021-04-10 00:49:01,71.9167,114.0833,250.68,97,73,0.58
307,Baykit,RU,2021-04-10 00:49:02,61.67,96.37,265.49,85,18,0.48
308,Dongsheng,CN,2021-04-10 00:49:04,39.8161,109.9776,281.91,56,87,6.84
309,Rocha,UY,2021-04-10 00:49:05,-34.4833,-54.3333,291.26,93,100,1.44
310,Humboldt,US,2021-04-10 00:49:07,40.6665,-123.9178,282.59,81,90,5.66
311,Am Timan,TD,2021-04-10 00:49:08,11.0297,20.2827,302.31,11,6,3.97
312,Kilindoni,TZ,2021-04-10 00:49:11,-7.9139,39.6668,300.26,77,23,6.46
313,Lavrentiya,RU,2021-04-10 00:49:13,65.5833,-171.0,255.23,86,100,3.14
314,Terracina,IT,2021-04-10 00:49:14,41.2863,13.2217,279.82,80,98,1.76
315,Abalak,RU,2021-04-10 00:49:16,58.1286,68.5944,274.21,99,100,1.96
316,Impfondo,CG,2021-04-10 00:49:18,1.6381,18.0667,295.37,87,100,1.4
317,Masinigudi,IN,2021-04-10 00:49:19,11.5667,76.6667,292.21,69,7,1.38
318,San Cristobal,VE,2021-04-10 00:49:21,7.7669,-72.225,299.15,83,40,2.06
319,Komsomolskiy,UZ,2021-04-10 00:49:22,40.4272,71.7189,283.15,53,0,4.12
320,Pocao De Pedras,BR,2021-04-10 00:49:25,-4.6667,-44.85,296.55,87,100,1.11
321,Thompson,CA,2021-04-10 00:49:26,55.7435,-97.8558,279.15,61,75,3.6
322,Brae,GB,2021-04-10 00:49:28,60.3964,-1.353,275.15,69,40,3.09
323,Acapulco,MX,2021-04-10 00:49:29,16.8634,-99.8901,301.15,65,75,3.6
324,Rorvik,NO,2021-04-10 00:49:30,64.8621,11.2373,275.39,56,100,4.27
325,Magadi,IN,2021-04-10 00:49:32,12.9667,77.2333,295.15,68,76,1.7
326,Nola,IT,2021-04-10 00:47:49,40.922,14.5329,279.26,74,98,0.75
327,Ixtapa,MX,2021-04-10 00:45:23,20.7,-105.2,299.15,73,1,4.12
328,Khandyga,RU,2021-04-10 00:49:35,62.6667,135.6,269.43,86,100,3.34
329,Shitanjing,CN,2021-04-10 00:49:37,39.2342,106.3439,283.24,66,74,2.71
330,Preston,GB,2021-04-10 00:49:38,53.7667,-2.7167,275.93,81,2,1.89
331,Neyshabur,IR,2021-04-10 00:49:41,36.2133,58.7958,289.88,28,22,1.31
332,Kozan,TR,2021-04-10 00:49:42,37.4552,35.8157,285.37,94,75,4.12
333,Helena,US,2021-04-10 00:47:04,46.5927,-112.0361,287.15,19,1,3.09
334,Pierre,US,2021-04-10 00:45:43,44.3683,-100.351,285.15,35,40,9.77
335,Severodvinsk,RU,2021-04-10 00:49:46,64.5635,39.8302,276.15,56,40,6.0
336,Swan Hill,AU,2021-04-10 00:49:47,-35.3378,143.5544,289.98,52,100,6.04
337,Buala,SB,2021-04-10 00:49:49,-8.145,159.5921,300.55,81,100,4.09
338,Hargeysa,SO,2021-04-10 00:49:50,9.56,44.065,292.86,40,0,5.94
339,Canete,CL,2021-04-10 00:49:52,-37.8,-73.4,283.89,87,91,2.53
340,Sechura,PE,2021-04-10 00:49:53,-5.5569,-80.8222,296.78,69,86,6.85
341,Abay,KZ,2021-04-10 00:49:54,49.6311,72.8539,273.15,93,40,2.0
342,Lamu,KE,2021-04-10 00:49:56,-2.2717,40.902,301.15,83,1,2.06
343,Birao,CF,2021-04-10 00:49:57,10.2849,22.7882,297.98,7,100,2.16
344,Lebu,CL,2021-04-10 00:47:23,-37.6167,-73.65,285.65,82,100,6.93
345,Boyolangu,ID,2021-04-10 00:50:00,-8.1181,111.8935,300.14,81,56,0.45
346,Wuwei,CN,2021-04-10 00:50:01,37.9281,102.6414,282.43,64,100,0.91
347,Fuyu,CN,2021-04-10 00:50:04,45.1833,124.8167,287.56,15,0,8.53
348,Sitka,US,2021-04-10 00:50:05,57.0531,-135.33,276.15,75,40,3.6
349,Burla,IN,2021-04-10 00:50:07,21.5,83.8667,297.15,69,40,0.73
350,Sao Joao Da Barra,BR,2021-04-10 00:50:08,-21.6403,-41.0511,296.42,73,0,2.57
351,Ustynivka,UA,2021-04-10 00:50:10,47.9551,32.5367,273.15,69,0,1.0
352,Taga,RO,2021-04-10 00:50:11,46.95,24.05,271.15,80,0,1.54
353,Novorzhev,RU,2021-04-10 00:50:13,57.0294,29.3338,277.75,66,95,6.18
354,Richards Bay,ZA,2021-04-10 00:50:14,-28.783,32.0377,292.25,93,3,1.73
355,Rengasdengklok,ID,2021-04-10 00:50:16,-6.1592,107.2981,300.93,88,40,2.06
356,Cururupu,BR,2021-04-10 00:50:17,-1.8283,-44.8683,297.83,90,55,1.73
357,Denpasar,ID,2021-04-10 00:49:31,-8.65,115.2167,301.15,83,20,0.51
358,Sobolevo,RU,2021-04-10 00:50:20,54.4299,31.8996,274.55,80,72,4.6
359,Montespertoli,IT,2021-04-10 00:50:21,43.6442,11.0737,280.93,72,100,0.89
360,Bahir Dar,ET,2021-04-10 00:50:22,11.5936,37.3908,294.74,25,71,1.37
361,Pacific Grove,US,2021-04-10 00:49:41,36.6177,-121.9166,285.37,79,0,0.89
362,Ferkessedougou,CI,2021-04-10 00:50:25,9.6,-5.2,301.53,54,58,4.4
363,Nizhneangarsk,RU,2021-04-10 00:50:26,55.7833,109.55,265.76,66,3,2.22
364,Pallasovka,RU,2021-04-10 00:50:30,50.05,46.8833,278.25,91,100,6.8
365,Nabire,ID,2021-04-10 00:50:32,-3.3667,135.4833,301.81,73,100,0.5
366,Poum,NC,2021-04-10 00:50:33,-20.2333,164.0167,299.65,86,100,15.98
367,Hit,IQ,2021-04-10 00:50:35,33.6416,42.8251,294.02,32,30,6.76
368,Pascagoula,US,2021-04-10 00:50:36,30.3658,-88.5561,295.15,83,90,2.06
369,Carbonear,CA,2021-04-10 00:50:38,47.7332,-53.2148,277.04,100,100,3.13
370,Paysandu,UY,2021-04-10 00:50:41,-32.3214,-58.0756,291.48,95,89,1.79
371,Leningradskiy,RU,2021-04-10 00:50:42,69.3833,178.4167,251.22,91,57,2.64
372,Santa Isabel,BR,2021-04-10 00:50:44,-23.3156,-46.2214,294.82,88,0,0.51
373,Sabang,ID,2021-04-10 00:50:08,5.8933,95.3214,301.59,71,73,2.47
374,Mildura,AU,2021-04-10 00:50:47,-34.2,142.15,290.37,67,90,5.14
375,Edd,ER,2021-04-10 00:50:48,13.9297,41.6925,303.06,29,64,7.87
376,Cidreira,BR,2021-04-10 00:50:49,-30.1811,-50.2056,296.71,80,100,4.28
377,Poronaysk,RU,2021-04-10 00:50:52,49.2167,143.1167,274.35,64,7,1.68
378,Korla,CN,2021-04-10 00:50:53,41.7597,86.1469,284.64,56,56,3.57
379,Dukhovshchina,RU,2021-04-10 00:50:55,55.1919,32.4111,274.86,79,92,4.42
380,Benguela,AO,2021-04-10 00:50:56,-12.5763,13.4055,300.09,85,99,1.49
381,Nicoya,CR,2021-04-10 00:50:58,10.1483,-85.452,296.15,94,75,3.09
382,Boguchany,RU,2021-04-10 00:50:59,58.3814,97.4531,269.63,73,13,3.04
383,Herat,AF,2021-04-10 00:51:01,34.5,62.0,290.48,17,97,3.14
384,Doha,QA,2021-04-10 00:51:02,25.2867,51.5333,296.15,83,0,2.57
385,Bundaberg,AU,2021-04-10 00:51:04,-24.85,152.35,301.15,51,0,2.57
386,Becerril,CO,2021-04-10 00:51:06,9.7041,-73.2793,297.01,92,100,0.59
387,Lewistown,US,2021-04-10 00:51:08,40.5992,-77.5714,285.15,100,90,1.37
388,Yar-Sale,RU,2021-04-10 00:51:09,66.8333,70.8333,274.19,99,100,7.21
389,Broome,US,2021-04-10 00:51:11,42.2506,-75.833,286.48,71,40,3.6
390,Kalmunai,LK,2021-04-10 00:51:12,7.4167,81.8167,298.93,79,4,2.14
391,Juan Lacaze,UY,2021-04-10 00:51:14,-34.4342,-57.4381,292.59,95,100,2.35
392,Aitape,PG,2021-04-10 00:51:15,-3.1374,142.3475,300.68,85,100,2.97
393,Spasskoye,RU,2021-04-10 00:51:17,44.6108,132.7969,281.54,35,0,3.8
394,Namtsy,RU,2021-04-10 00:51:18,62.7161,129.6658,268.15,74,100,5.0
395,Lasa,IT,2021-04-10 00:51:19,46.6166,10.7002,274.15,100,0,2.06
396,Coos Bay,US,2021-04-10 00:51:21,43.3665,-124.2179,284.26,54,1,5.14
397,Soyo,AO,2021-04-10 00:51:22,-6.1349,12.3689,299.22,88,100,3.44
398,Westport,US,2021-04-10 00:51:24,41.1415,-73.3579,283.71,81,90,3.09
399,Chany,RU,2021-04-10 00:51:25,55.3121,76.7647,273.33,83,100,5.44
400,Odweyne,SO,2021-04-10 00:51:26,9.4092,45.064,293.72,31,0,2.46
401,Kenora,CA,2021-04-10 00:51:29,49.8167,-94.4337,276.15,93,90,5.66
402,Uige,AO,2021-04-10 00:51:30,-7.6087,15.0613,292.98,90,100,0.72
403,Drumnadrochit,GB,2021-04-10 00:51:31,57.3344,-4.4799,274.26,80,90,3.09
404,Asau,RO,2021-04-10 00:51:33,46.4333,26.4,271.48,62,6,2.26
405,Ambon,ID,2021-04-10 00:51:34,-3.6954,128.1814,298.15,94,40,3.09
406,Havoysund,NO,2021-04-10 00:51:37,70.9963,24.6622,268.15,68,93,2.06
407,Saldanha,ZA,2021-04-10 00:51:38,-33.0117,17.9442,288.15,94,100,2.57
408,Berlevag,NO,2021-04-10 00:51:39,70.8578,29.0864,269.67,63,91,4.38
409,Sinnamary,GF,2021-04-10 00:51:41,5.3833,-52.95,297.82,89,100,2.38
410,Sioux Lookout,CA,2021-04-10 00:51:42,50.1001,-91.917,278.15,100,90,4.12
411,Jingdezhen,CN,2021-04-10 00:51:44,29.2947,117.2079,286.26,69,100,1.4
412,Puerto Narino,CO,2021-04-10 00:51:45,-3.7703,-70.3831,299.15,94,75,1.03
413,Hofn,IS,2021-04-10 00:51:47,64.2539,-15.2082,269.09,53,6,5.13
414,Auki,SB,2021-04-10 00:51:48,-8.7676,160.7034,300.84,79,100,3.52
415,Yelizovo,RU,2021-04-10 00:51:50,53.1873,158.3805,277.15,45,100,4.0
416,Canutama,BR,2021-04-10 00:51:51,-6.5339,-64.3831,296.61,97,88,1.08
417,Clyde River,CA,2021-04-10 00:51:52,70.4692,-68.5914,257.15,85,1,3.09
418,Nsanje,MW,2021-04-10 00:51:54,-16.92,35.262,292.49,95,100,0.79
419,Codrington,AU,2021-04-10 00:51:55,-38.2667,141.9667,287.29,60,100,10.6
420,Mecca,SA,2021-04-10 00:48:01,21.4267,39.8261,297.97,37,5,1.9
421,Lagoa,PT,2021-04-10 00:51:58,39.05,-27.9833,287.84,85,100,7.6
422,Suhut,TR,2021-04-10 00:51:59,38.5311,30.5458,269.14,78,99,6.38
423,Kharp,RU,2021-04-10 00:52:01,66.8014,65.8081,273.73,97,100,2.92
424,Yagodnoye,RU,2021-04-10 00:52:02,62.55,149.6667,261.52,84,100,2.62
425,Yumen,CN,2021-04-10 00:52:05,40.2833,97.2,284.49,29,100,1.24
426,Sola,VU,2021-04-10 00:52:06,-13.8833,167.55,305.15,74,75,2.06
427,Camocim,BR,2021-04-10 00:52:07,-2.9022,-40.8411,299.17,83,54,5.71
428,Whitehorse,CA,2021-04-10 00:52:09,60.7161,-135.0538,262.04,56,75,6.17
429,Tezu,IN,2021-04-10 00:52:10,27.9167,96.1667,295.27,71,51,1.69
430,Clovis,US,2021-04-10 00:50:58,36.8252,-119.7029,299.26,21,20,2.06
431,Vangaindrano,MG,2021-04-10 00:52:12,-23.35,47.6,294.83,93,100,1.71
432,Grindavik,IS,2021-04-10 00:52:14,63.8424,-22.4338,270.15,93,20,2.57
433,Yamaranguila,HN,2021-04-10 00:52:15,14.2833,-88.25,294.15,68,75,1.02
434,Saint George,US,2021-04-10 00:52:18,37.1041,-113.5841,299.26,7,1,1.54
435,Borba,BR,2021-04-10 00:52:19,-4.3878,-59.5939,297.61,90,94,1.36
436,Coihaique,CL,2021-04-10 00:48:13,-45.5752,-72.0662,278.69,89,5,2.17
437,Astana,KZ,2021-04-10 00:50:04,51.1801,71.446,274.15,93,90,7.0
438,Lillooet,CA,2021-04-10 00:52:23,50.6856,-121.942,279.15,65,90,7.72
439,Luderitz,NA,2021-04-10 00:52:26,-26.6481,15.1594,296.13,49,0,2.36
440,Liverpool,GB,2021-04-10 00:48:19,53.4106,-2.9779,277.59,69,4,0.89
441,Elizabeth City,US,2021-04-10 00:52:11,36.2946,-76.2511,293.71,83,90,4.12
442,Vysokogornyy,RU,2021-04-10 00:52:29,50.1167,139.15,274.92,76,6,2.32
443,Lola,GN,2021-04-10 00:52:30,7.8,-8.5333,294.8,94,100,1.43
444,Constitucion,CL,2021-04-10 00:48:08,-35.3333,-72.4167,285.33,86,39,5.43
445,Tortoli,IT,2021-04-10 00:52:33,39.9256,9.6572,287.15,100,20,9.26
446,Salekhard,RU,2021-04-10 00:48:45,66.53,66.6019,274.16,96,100,6.63
447,Waipawa,NZ,2021-04-10 00:52:37,-41.4122,175.5153,293.15,77,75,9.26
448,Lata,PT,2021-04-10 00:52:38,40.1629,-8.3327,287.59,90,31,1.51
449,Manjacaze,MZ,2021-04-10 00:52:39,-24.7117,33.8828,292.72,95,23,0.42
450,Hasaki,JP,2021-04-10 00:52:41,35.7333,140.8333,284.26,43,75,4.63
451,Mackay,AU,2021-04-10 00:48:08,-21.15,149.2,303.71,61,5,2.06
452,Half Moon Bay,US,2021-04-10 00:52:44,37.4636,-122.4286,286.15,81,90,7.2
453,Marsh Harbour,BS,2021-04-10 00:52:45,26.5412,-77.0636,296.13,62,0,5.02
454,Dingle,PH,2021-04-10 00:52:46,10.9995,122.6711,302.33,66,36,5.24
455,Naze,JP,2021-04-10 00:52:48,28.3667,129.4833,292.15,88,75,10.29
456,Airai,TL,2021-04-10 00:52:50,-8.9266,125.4092,294.55,53,11,1.27
457,Ereymentau,KZ,2021-04-10 00:52:51,51.6199,73.1033,272.34,97,100,4.11
458,Kitami,JP,2021-04-10 00:52:52,43.8031,143.8908,278.15,56,75,2.06
459,Campos,BR,2021-04-10 00:48:38,-21.75,-41.3,292.74,81,0,0.78
460,Necochea,AR,2021-04-10 00:52:56,-38.5473,-58.7368,288.15,95,1,2.81
461,Kloulklubed,PW,2021-04-10 00:52:57,7.0419,134.2556,303.15,70,75,1.54
462,Kavieng,PG,2021-04-10 00:52:59,-2.5744,150.7967,301.97,67,94,1.69
463,Akdagmadeni,TR,2021-04-10 00:53:00,39.6603,35.8836,269.43,94,100,6.69
464,Pabna,BD,2021-04-10 00:53:01,24.0,89.25,299.13,68,5,3.18
465,Celestun,MX,2021-04-10 00:53:03,20.8667,-90.4,299.34,82,0,6.83
466,Outjo,NA,2021-04-10 00:53:05,-20.1167,16.15,289.73,43,0,4.17
467,Sept-Iles,CA,2021-04-10 00:53:06,50.2001,-66.3821,280.15,36,20,5.14
468,Antofagasta,CL,2021-04-10 00:51:37,-23.65,-70.4,291.15,72,75,4.63
469,Waingapu,ID,2021-04-10 00:53:09,-9.6567,120.2641,300.93,70,5,1.19
470,Leshukonskoye,RU,2021-04-10 00:53:10,64.8989,45.7622,272.71,81,90,5.82
471,Tazovskiy,RU,2021-04-10 00:53:12,67.4667,78.7,273.48,90,100,9.02
472,Tigil,RU,2021-04-10 00:53:13,57.8,158.6667,266.66,84,100,7.27
473,Bambanglipuro,ID,2021-04-10 00:53:14,-7.95,110.2833,300.49,76,93,1.5
474,Olpad,IN,2021-04-10 00:53:16,21.3333,72.75,296.15,94,0,1.54
475,Pangai,TO,2021-04-10 00:53:17,-19.8,-174.35,301.15,69,20,2.57
476,Starkville,US,2021-04-10 00:53:20,33.4504,-88.8184,295.15,78,75,9.77
477,Puerto Quijarro,BO,2021-04-10 00:53:21,-17.7833,-57.7667,300.14,63,40,0.72
478,Samana,DO,2021-04-10 00:53:25,19.2056,-69.3369,295.95,70,81,4.56
479,Nchelenge,ZM,2021-04-10 00:53:27,-9.3451,28.734,292.78,88,100,0.9
480,Minas,UY,2021-04-10 00:53:30,-34.3759,-55.2377,294.26,88,75,2.06
481,Veraval,IN,2021-04-10 00:53:31,20.9,70.3667,298.44,62,0,5.39
482,Dhidhdhoo,MV,2021-04-10 00:53:32,6.8833,73.1,300.88,72,3,0.38
483,Wick,GB,2021-04-10 00:53:35,58.4333,-3.0833,272.15,100,75,2.06
484,Pandan,PH,2021-04-10 00:53:37,14.0453,124.1694,301.09,63,100,4.37
485,Muyezerskiy,RU,2021-04-10 00:53:39,63.9333,31.65,273.48,93,100,8.43
486,Pemangkat,ID,2021-04-10 00:53:41,1.1667,108.9667,299.84,74,100,2.56
487,Wanxian,CN,2021-04-10 00:53:43,30.8039,108.3897,288.65,86,100,0.94
488,Adeje,ES,2021-04-10 00:53:44,28.1227,-16.726,293.15,77,40,2.06
489,Tamandare,BR,2021-04-10 00:53:45,-8.7597,-35.1047,298.27,85,89,4.0
490,Mandalgovi,MN,2021-04-10 00:53:47,45.7625,106.2708,277.85,75,100,7.53
491,Yamada,JP,2021-04-10 00:53:48,39.4667,141.95,281.4,39,96,3.03
492,Amos,CA,2021-04-10 00:53:51,48.5669,-78.1162,287.15,82,90,4.12
493,Sao Filipe,CV,2021-04-10 00:53:52,14.8961,-24.4956,297.06,62,29,8.67
494,Deputatskiy,RU,2021-04-10 00:53:54,69.3,139.9,254.26,91,100,1.94
495,Algarrobo,CO,2021-04-10 00:53:55,10.1869,-74.5753,299.26,80,100,1.29
496,Siocon,PH,2021-04-10 00:53:57,7.7061,122.1353,301.84,73,30,1.37
497,Bayan,CN,2021-04-10 00:53:58,46.0833,127.4,284.82,24,2,5.13
498,Cherskiy,RU,2021-04-10 00:54:00,68.75,161.3,257.8,74,100,1.88
499,Iranshahr,IR,2021-04-10 00:54:01,27.2025,60.6848,294.15,16,0,1.14
500,Guhagar,IN,2021-04-10 00:54:03,17.4842,73.1929,297.07,73,26,2.1
501,Brive-La-Gaillarde,FR,2021-04-10 00:54:06,45.25,1.5,282.04,36,100,1.34
502,Sibolga,ID,2021-04-10 00:54:07,1.7427,98.7792,299.36,84,75,1.17
503,Cartagena,CO,2021-04-10 00:49:10,10.3997,-75.5144,300.15,89,75,2.06
504,Coahuayana,MX,2021-04-10 00:54:09,18.7333,-103.6833,299.15,41,1,1.72
505,Rodrigues Alves,BR,2021-04-10 00:54:11,-7.738,-72.6509,296.29,96,100,0.83
506,Noumea,NC,2021-04-10 00:54:12,-22.2763,166.4572,301.15,74,75,1.54
507,Sao Felix Do Xingu,BR,2021-04-10 00:54:14,-6.6447,-51.995,297.76,80,82,1.26
508,Te Anau,NZ,2021-04-10 00:54:15,-45.4167,167.7167,283.36,95,100,1.15
509,Kulhudhuffushi,MV,2021-04-10 00:54:17,6.6221,73.07,300.8,72,1,0.39
510,Bardiyah,LY,2021-04-10 00:54:18,31.7561,25.0865,285.3,54,2,10.18
511,Sakakah,SA,2021-04-10 00:54:20,29.9697,40.2064,290.15,36,0,6.69
512,Novyy Urgal,RU,2021-04-10 00:54:21,51.0736,132.5642,277.92,51,15,1.03
513,Freeport,US,2021-04-10 00:54:23,40.6576,-73.5832,282.15,93,90,3.09
514,Sicamous,CA,2021-04-10 00:54:24,50.8331,-118.9856,282.15,43,99,4.63
515,Bathurst,AU,2021-04-10 00:54:26,-33.4166,149.5806,289.26,54,0,1.34
516,Ust-Omchug,RU,2021-04-10 00:54:27,61.15,149.6333,261.91,80,95,2.61
517,Anadyr,RU,2021-04-10 00:54:29,64.75,177.4833,259.15,78,20,12.0
518,Cap-Aux-Meules,CA,2021-04-10 00:54:30,47.3821,-61.8597,277.15,87,37,4.63
519,Havre,FR,2021-04-10 00:54:31,49.5833,0.3333,280.15,87,0,1.34
520,Turangi,NZ,2021-04-10 00:54:33,-39.0,175.9333,286.44,98,100,3.6
521,Arawa,PG,2021-04-10 00:54:34,-6.2132,155.5367,303.82,64,36,2.12
522,Luanda,AO,2021-04-10 00:51:07,-8.8368,13.2343,298.15,88,40,3.09
523,Kavaratti,IN,2021-04-10 00:54:37,10.5669,72.642,301.19,66,57,1.8
524,Cache Creek,CA,2021-04-10 00:54:38,50.8101,-121.3246,280.93,33,1,9.26
525,Nizwa,OM,2021-04-10 00:54:40,22.9333,57.5333,294.2,52,0,1.1
526,Rosetown,CA,2021-04-10 00:54:41,51.5501,-108.0014,286.15,22,17,6.69
527,Salalah,OM,2021-04-10 00:54:43,17.0151,54.0924,299.15,78,20,1.03
528,Nemuro,JP,2021-04-10 00:54:44,43.3236,145.575,278.15,48,75,6.69
529,Bontang,ID,2021-04-10 00:54:45,0.1333,117.5,299.46,84,99,2.83
530,Natal,BR,2021-04-10 00:50:08,-5.795,-35.2094,299.15,83,20,4.63
531,Thinadhoo,MV,2021-04-10 00:54:48,0.5333,72.9333,301.17,71,20,4.15
532,Awbari,LY,2021-04-10 00:54:49,26.5921,12.7805,291.29,41,6,6.22
533,Bandar,ID,2021-04-10 00:54:51,2.05,99.75,297.58,91,100,0.41
534,Walvis Bay,NA,2021-04-10 00:54:52,-22.9575,14.5053,299.67,38,0,1.15
535,Mwene-Ditu,CD,2021-04-10 00:54:54,-7.0,23.45,290.84,96,100,1.61
536,Sorland,NO,2021-04-10 00:54:55,67.667,12.6934,274.77,48,100,7.86
537,Port Hardy,CA,2021-04-10 00:54:56,50.6996,-127.4199,277.15,81,90,7.2
538,Qasigiannguit,GL,2021-04-10 00:54:58,68.8193,-51.1922,270.15,93,75,5.14
539,Champerico,GT,2021-04-10 00:54:59,14.3,-91.9167,302.15,79,40,3.09
540,Charters Towers,AU,2021-04-10 00:55:00,-20.1,146.2667,302.62,40,5,1.9
541,Chapais,CA,2021-04-10 00:55:02,49.7834,-74.8492,283.15,66,90,4.63
542,Havre-Saint-Pierre,CA,2021-04-10 00:55:04,50.2334,-63.5986,278.15,38,1,4.63
543,Tessalit,ML,2021-04-10 00:55:07,20.1986,1.0114,300.34,13,0,3.27
544,Ewa Beach,US,2021-04-10 00:55:08,21.3156,-158.0072,300.15,44,40,4.12
545,Solikamsk,RU,2021-04-10 00:55:10,59.6196,56.7729,273.7,98,100,1.16
546,Moranbah,AU,2021-04-10 00:55:11,-22.0016,148.0466,302.65,35,0,1.34
547,Tamiahua,MX,2021-04-10 00:55:13,21.2667,-97.45,298.25,81,0,5.54
548,Le Port,RE,2021-04-10 00:55:14,-20.9373,55.2919,298.15,94,90,2.06
549,Mazagao,BR,2021-04-10 00:55:17,-0.115,-51.2894,298.15,94,0,5.14
550,Moosomin,CA,2021-04-10 00:55:18,50.1333,-101.6677,279.9,29,0,3.94
551,Loandjili,CG,2021-04-10 00:55:20,-4.7561,11.8578,300.15,94,20,2.06
552,Lac Du Bonnet,CA,2021-04-10 00:55:21,50.2536,-96.0612,278.15,100,100,2.24
553,Oranjemund,NA,2021-04-10 00:55:22,-28.55,16.4333,289.59,85,0,2.62
554,Praia Da Vitoria,PT,2021-04-10 00:55:24,38.7333,-27.0667,288.15,88,75,5.13
555,Los Llanos De Aridane,ES,2021-04-10 00:55:25,28.6585,-17.9182,291.15,77,0,2.06
556,Sorong,ID,2021-04-10 00:55:27,-0.8833,131.25,301.43,77,99,2.13
557,Martapura,ID,2021-04-10 00:52:02,-3.4167,114.85,299.15,94,40,3.09
558,Lebanon,US,2021-04-10 00:54:34,36.2081,-86.2911,298.15,43,1,6.17
559,Jiayuguan,CN,2021-04-10 00:55:31,39.8167,98.3,284.39,29,100,2.62
560,Mogzon,RU,2021-04-10 00:55:32,51.7435,111.9606,273.53,50,57,7.68
561,Talcahuano,CL,2021-04-10 00:55:34,-36.7167,-73.1167,286.15,82,40,4.12
